文章標題,標籤,詢問日期
git 沒反應,git,9月24日
git 沒反應,github,9月24日
tableau 無法自動更新來源excel資料,tableau,9月24日
字典列表匯出excel,大神幫幫我,9月24日
字典列表匯出excel,python3,9月24日
字典列表匯出excel,走不出新手村,9月24日
字典列表匯出excel,拜託,9月24日
Excel 如何回傳一組可變的地址範圍，藉此針對該範圍進行數據查找。(修正問題描述),excel,9月24日
Excel 如何回傳一組可變的地址範圍，藉此針對該範圍進行數據查找。(修正問題描述),address,9月24日
Excel 如何回傳一組可變的地址範圍，藉此針對該範圍進行數據查找。(修正問題描述),data,9月24日
Excel 如何回傳一組可變的地址範圍，藉此針對該範圍進行數據查找。(修正問題描述),difficult：),9月24日
在 Mac OS 的 Android Studio 手機模擬器無法開機問題,android studio,9月24日
在 Mac OS 的 Android Studio 手機模擬器無法開機問題,android,9月24日
在 Mac OS 的 Android Studio 手機模擬器無法開機問題,手機模擬器,9月24日
在 Mac OS 的 Android Studio 手機模擬器無法開機問題,mac,9月24日
在 Mac OS 的 Android Studio 手機模擬器無法開機問題,mac os,9月24日
電腦不時定格 需要手動重啟 是哪裡出問題了?,當機,9月24日
電腦不時定格 需要手動重啟 是哪裡出問題了?,電腦當機,9月24日
電腦不時定格 需要手動重啟 是哪裡出問題了?,畫面死當,9月24日
電腦不時定格 需要手動重啟 是哪裡出問題了?,cpu過熱,9月24日
電腦不時定格 需要手動重啟 是哪裡出問題了?,電源供應器,9月24日
"PCIe, Ethernet & GPU的Bottleneck",bottleneck,9月24日
"PCIe, Ethernet & GPU的Bottleneck",bandwidth,9月24日
"PCIe, Ethernet & GPU的Bottleneck",gpu,9月24日
如何 在 android studio accessibility service 編寫 設定數字鍵 最後在APP外面 按下數字鍵 回應訊息,android studio accessibility service,9月23日
如何讓grid item根據剩餘vh自動填滿的高度?,css,9月23日
如何讓grid item根據剩餘vh自動填滿的高度?,grid,9月23日
如何讓grid item根據剩餘vh自動填滿的高度?,flex,9月23日
如何讓grid item根據剩餘vh自動填滿的高度?,webdesign,9月23日
0fdffffffffffff,軟體工程師,9月23日
可以問一下 vagrant 這兩種 provider 差在哪,vagrant,9月23日
ubuntu 20讀取不到 主機板RAID1,raid,9月23日
ubuntu 20讀取不到 主機板RAID2,linux,9月23日
"Adobe AI & AE 權限問題,無法開啟",#adobe,9月23日
"Adobe AI & AE 權限問題,無法開啟",#adobe illustrator,9月23日
"Adobe AI & AE 權限問題,無法開啟",#adobe after effects,9月23日
開源的網頁問卷調查系統推薦,survey,9月23日
開源的網頁問卷調查系統推薦,limesurvey,9月23日
機房冷氣故障待維修，請教下應急處理,機房,9月23日
機房冷氣故障待維修，請教下應急處理,散熱,9月23日
機房冷氣故障待維修，請教下應急處理,冷氣故障,9月23日
VBScript是否有涵式可判斷MSSQL的錯誤,@vbs,9月23日
VBScript是否有涵式可判斷MSSQL的錯誤,@asp,9月23日
VBScript是否有涵式可判斷MSSQL的錯誤,@mssql,9月23日
顯示出重複字串,python,9月23日
顯示出重複字串,數據分析,9月23日
AD錯誤訊息-本機系統 的自動憑證註冊無法註冊 網域控制站 憑證 (0x80070005) 存取被拒。,ad,9月23日
AD錯誤訊息-本機系統 的自動憑證註冊無法註冊 網域控制站 憑證 (0x80070006) 存取被拒。,windows server 2003,9月23日
[PHP][javascript]定位失效,#id定位,9月23日
[PHP][javascript]定位失效,#php,9月23日
[PHP][javascript]定位失效,#javascript,9月23日
[PHP][javascript]定位失效,#line分享,9月23日
想把 powershell 的 ctrl+v 的貼上功能停用，卻遇到權限問題(已解決),powershell,9月23日
想把 powershell 的 ctrl+v 的貼上功能停用，卻遇到權限問題(已解決),ctrl+v,9月23日
想把 powershell 的 ctrl+v 的貼上功能停用，卻遇到權限問題(已解決),停用,9月23日
html 如何即時檢測到input裡有東西輸入,html,9月23日
html 如何即時檢測到input裡有東西輸入,javascript,9月23日
請問有甚麼用arduino做溫室加溫的方法,加溫,9月23日
請問有甚麼用arduino做溫室加溫的方法,arduino,9月23日
請問有甚麼用arduino做溫室加溫的方法,arduino加溫控制,9月23日
請問有甚麼用arduino做溫室加溫的方法,溫室,9月23日
請問有甚麼用arduino做溫室加溫的方法,致冷晶片,9月23日
Windows的工作排程器執行無反應,windows,9月23日
Windows的工作排程器執行無反應,#工作排程器,9月23日
Windows的工作排程器執行無反應,bat批次檔,9月23日
sim卡wifi,sim卡wifi,9月23日
vmware migration issue,vmware,9月23日
vmware migration issue,netapp,9月23日
vmware migration issue,migration,9月23日
奇怪的IPER3測試結果,iperf,9月23日
奇怪的IPER4測試結果,iperf3,9月23日
python學生程式設計問題,python3,9月22日
python學生程式設計問題,大學,9月22日
python學生程式設計問題,大學作業,9月22日
電腦自動關機,電腦自動關機,9月22日
各瀏覽器行動裝置debug ,web,9月22日
各瀏覽器行動裝置debug ,ios,9月22日
各瀏覽器行動裝置debug ,android,9月22日
各瀏覽器行動裝置debug ,chrome,9月22日
各瀏覽器行動裝置debug ,safari,9月22日
請問JS如何把這個Array修改成Object,js,9月22日
請問JS如何把這個Array修改成Object,array,9月22日
請問JS如何把這個Array修改成Object,object,9月22日
無法PORT Forwarding,port forwarding,9月22日
無法PORT Forwarding,mikrotik,9月22日
無法PORT Forwarding,router os,9月22日
[問題]華苓科技 Agentflow BPM系統,bpm,9月22日
[問題]華苓科技 Agentflow BPM系統,agentflow,9月22日
[問題]華苓科技 Agentflow BPM系統,簽核系統,9月22日
Global runat server 導致 LineBotSDK 錯誤如何解？,c#,9月22日
Global runat server 導致 LineBotSDK 錯誤如何解？,linebotsdk,9月22日
Global runat server 導致 LineBotSDK 錯誤如何解？,line messaging api,9月22日
Global runat server 導致 LineBotSDK 錯誤如何解？,global,9月22日
"vba Format(Now, ""HH"")問題",vba,9月22日
"vba Format(Now, ""HH"")問題",excel vba,9月22日
影像處理,matlab,9月22日
影像處理,影像處理,9月22日
影像處理,資工,9月22日
疑似區域網路頻繁中斷,區域網路,9月22日
【PYTHON】請問如何避免內容重複抓取,python入門,9月22日
【PYTHON】請問如何避免內容重複抓取,python,9月22日
VS2022多個projects在單一solution分開執行,visual studio 2022,9月22日
SGD ,深度學習,9月22日
SGD ,stochastic gradient descent algorithm,9月22日
Google Apps Script 速度優化問題,google apps script(gas),9月22日
製作APP疑問,app,9月21日
製作APP疑問,ios,9月21日
製作APP疑問,android,9月21日
C# DbContext 連線於不同Thread運作問題,c#,9月21日
C# DbContext 連線於不同Thread運作問題,thread,9月21日
C# DbContext 連線於不同Thread運作問題,efcore,9月21日
Android 面對不同廠牌與版本的處理辦法？,android,9月21日
Android 面對不同廠牌與版本的處理辦法？,debug,9月21日
Android 面對不同廠牌與版本的處理辦法？,root,9月21日
Android 面對不同廠牌與版本的處理辦法？,custom rom,9月21日
Exchange刪除帳號，不要同步刪除AD帳號,exchange2019,9月21日
混合雲架構下移除Exchange問題,hybrid,9月21日
混合雲架構下移除Exchange問題,混合雲,9月21日
混合雲架構下移除Exchange問題,exchange server,9月21日
混合雲架構下移除Exchange問題,aad connector,9月21日
混合雲架構下移除Exchange問題,exchange2016,9月21日
ERP 廠商詢問 ,erp,9月21日
windows server 應該要開啟哪些稽核功能？,#windows server,9月21日
windows server 應該要開啟哪些稽核功能？,#稽核功能,9月21日
windows server 應該要開啟哪些稽核功能？,#稽核日誌,9月21日
共用信箱(Shared mailbox)的信件封存,共用信箱,9月21日
共用信箱(Shared mailbox)的信件封存,shared mailbox,9月21日
挑選程式開發用筆電,軟體開發,9月21日
挑選程式開發用筆電,開發工具,9月21日
挑選程式開發用筆電,筆電型號推薦,9月21日
挑選程式開發用筆電,購買,9月21日
adobe acrobat 列印字型問題,adobe acrobat,9月21日
html 跳頁到指定編輯區進行編輯,html,9月21日
html 跳頁到指定編輯區進行編輯,javascript,9月21日
DHCP 網段,dhcp,9月21日
請問 k8s core DNS 設定 要怎麼持久化捏,kubernetes,9月21日
Mesh路由器 網頁認證,xampp,9月20日
Mesh路由器 網頁認證,網頁認證,9月20日
Mesh路由器 網頁認證,mesh,9月20日
Mesh路由器 網頁認證,getway,9月20日
Mesh路由器 網頁認證,網頁登入,9月20日
我想詢問出百題因式分解的c++程式,c++,9月20日
硬碟資料無法讀取,硬碟,9月20日
ASP.NET Core appsetting.json 加密問題,asp.net core,9月20日
想請問 &-- 在 SCSS 中代表什麼意思呢？,scss 架構,9月20日
想請問 &-- 在 SCSS 中代表什麼意思呢？,css,9月20日
想請問 &-- 在 SCSS 中代表什麼意思呢？,sass,9月20日
封包側錄與網路架構,封包,9月20日
封包側錄與網路架構,網路,9月20日
webdriver問題，爬不出照片,python,9月20日
webdriver問題，爬不出照片,selenium webdriver,9月20日
webdriver問題，爬不出照片,crawler,9月20日
webdriver問題，爬不出照片,exception has been thrown,9月20日
有什麼用arduino做水量控制的好方法嗎？,arduino,9月20日
有什麼用arduino做水量控制的好方法嗎？,水量控制,9月20日
有什麼用arduino做水量控制的好方法嗎？,智慧農場,9月20日
有什麼用arduino做水量控制的好方法嗎？,iot,9月20日
C語言四則運算,c,9月20日
C語言四則運算,c/c++系列文章,9月20日
C語言四則運算,程式設計,9月20日
請問 excel 該如何知道vba代碼是沒有問題的,excel,9月20日
請問 excel 該如何知道vba代碼是沒有問題的,excel vba,9月20日
請問 excel 該如何知道vba代碼是沒有問題的,vba,9月20日
建立ASP.NET Core 專案Controller、Model資料夾消失了,asp.net core,9月20日
請教前輩們一個 GitGraph 套件的問題,git,9月20日
請教前輩們一個 GitGraph 套件的問題,git graph,9月20日
想詢問方向,#菜鳥新人,9月20日
tableau如何設置紅綠燈代替OK/NG ?,tableau,9月20日
管理AD上的電腦與伺服器所需的權限,ad,9月20日
管理AD上的電腦與伺服器所需的權限,#active directory,9月20日
管理AD上的電腦與伺服器所需的權限,網域,9月20日
管理AD上的電腦與伺服器所需的權限,權限,9月20日
管理AD上的電腦與伺服器所需的權限,管理者,9月20日
C語言金字塔,c,9月19日
C語言金字塔,c/c++,9月19日
C語言金字塔,程式設計,9月19日
vs2017/vs2019 軟體設定問題,軟體設定,9月19日
VPN使用問題,vpn,9月19日
關於使用Java進行ETL工作的問題,java,9月19日
關於使用Java進行ETL工作的問題,etl,9月19日
關於使用Java進行ETL工作的問題,data,9月19日
關於使用Java進行ETL工作的問題,database,9月19日
關於使用Java進行ETL工作的問題,sql,9月19日
請教學facebook如何看到誰分享我的貼文，照片,facebook,9月19日
請教學facebook如何看到誰分享我的貼文，照片,分享名單教學,9月19日
imgur 不會播放,imgur,9月19日
imgur 不會播放,frontend,9月19日
imgur 不會播放,it14,9月19日
imgur 不會播放,鐵人賽,9月19日
imgur 不會播放,鐵人,9月19日
[問題] Thunderbird轉用Outlook,outlook,9月19日
[問題] Thunderbird轉用Outlook,thunderbird,9月19日
[問題] Thunderbird轉用Outlook,pop3,9月19日
[問題] Thunderbird轉用Outlook,email,9月19日
選擇檔案就出現Active元件無法產生物件,active元件無法產生物件,9月19日
家裡連線到學校xampp,xampp,9月19日
Hyper-V匯出虛擬機失敗0x80070005,hyper-v,9月19日
Hyper-V匯出虛擬機失敗0x80070006,export,9月19日
Exam的vce檔案打不開,exam vce,9月19日
windows能撰寫、執行swift嗎??,swift,9月19日
vscode 和container建立ssh 連線失敗(急),vscode,9月18日
vscode 和container建立ssh 連線失敗(急),ssh,9月18日
計算list多維數量,python,9月18日
計算list多維數量,計算,9月18日
計算list多維數量,數據分析,9月18日
txt中 奇怪的字,txt文字檔,9月18日
txt中 奇怪的字,文字辨識,9月18日
txt中 奇怪的字,文字編碼,9月18日
Router+L2 switch的vlan dhcp配置方法,vlan設定,9月18日
Router+L3 switch的vlan dhcp配置方法,dhcp,9月18日
python: sql 將同筆資料寫入兩個不同表單,python,9月18日
python: sql 將同筆資料寫入兩個不同表單,mysql,9月18日
python: sql 將同筆資料寫入兩個不同表單,sqlserver,9月18日
請問一般AD管理，要注意哪些，看那些LOG呢,ad,9月18日
