標題,標籤,詢問時間,瀏覽次數
爬蟲問題,文字編碼,2022-11-02,36
爬蟲問題,爬蟲,2022-11-02,36
爬蟲問題,error,2022-11-02,36
爬蟲問題,csv,2022-11-02,36
爬蟲問題,big5,2022-11-02,36
Python ， 串接LINE_message_API 疑問,api,2022-11-02,85
Python ， 串接LINE_message_API 疑問,python,2022-11-02,85
Python ， 串接LINE_message_API 疑問,line messaging api,2022-11-02,85
請問MySQL 怎麼實作類似LINE POINT規則的點數,mysql,2022-11-02,81
HC-SR505人體紅外線感測器,esp32,2022-11-02,67
HC-SR505人體紅外線感測器,紅外線感測器,2022-11-02,67
HC-SR505人體紅外線感測器,arduino,2022-11-02,67
Django+ uwsgi+ nginx on ubuntu 出現  502 Bad Gateway,502 bad gateway,2022-11-02,131
資通安全弱點通報機制(VANS)疑問,vans,2022-11-02,125
c語言程式問題,@大神幫幫忙,2022-11-02,128
c語言程式問題,c,2022-11-02,128
c語言程式問題,新手上路,2022-11-02,128
EXCEL指定欄位加總問題,excel,2022-11-02,134
app store  (LINE)要如何下載可以更新的舊版呢???,更新,2022-11-02,161
app store  (LINE)要如何下載可以更新的舊版呢???,app,2022-11-02,161
app store  (LINE)要如何下載可以更新的舊版呢???,app store,2022-11-02,161
app store  (LINE)要如何下載可以更新的舊版呢???,line,2022-11-02,161
關於資料庫與MAC ADD...,mac add,2022-11-02,181
關於資料庫與MAC ADD...,傷腦,2022-11-02,181
關於資料庫與MAC ADD...,@大神幫幫忙,2022-11-02,181
關於資料庫與MAC ADD...,it大神,2022-11-02,181
關於資料庫與MAC ADD...,會寫程式的朋友,2022-11-02,181
Linux 擴展目錄空間的方法,xfs,2022-11-02,161
Linux 擴展目錄空間的方法,linux,2022-11-02,161
儲存/除錯 ajax 的錯誤訊息,xmlhttprequest,2022-11-02,154
儲存/除錯 ajax 的錯誤訊息,ajax,2022-11-02,154
儲存/除錯 ajax 的錯誤訊息,asp.net mvc,2022-11-02,154
儲存/除錯 ajax 的錯誤訊息,error,2022-11-02,154
儲存/除錯 ajax 的錯誤訊息,javascript,2022-11-02,154
換主板及硬碟之WIN10授權問題,@授權,2022-11-02,299
換主板及硬碟之WIN10授權問題,@win10,2022-11-02,299
換主板及硬碟之WIN10授權問題,@硬碟,2022-11-02,299
換主板及硬碟之WIN10授權問題,@序號,2022-11-02,299
換主板及硬碟之WIN10授權問題,@windows10,2022-11-02,299
遠端桌面連線--因為它們沒有公用的演算法,沒有公用的演算法,2022-11-02,286
求助大神，關於修改檔案內容,檔案修改,2022-11-02,205
求助大神，關於修改檔案內容,cmd指令,2022-11-02,205
求助大神，關於修改檔案內容,c++,2022-11-02,205
求助大神，關於修改檔案內容,txt文字檔,2022-11-02,205
求助大神，關於修改檔案內容,bat,2022-11-02,205
[C#] C# Web專案中的Vendor目錄,c#,2022-11-02,133
[C#] C# Web專案中的Vendor目錄,web,2022-11-02,133
[C#] C# Web專案中的Vendor目錄,vendor,2022-11-02,133
非資訊、資安問題!?老鼠吃乖乖，快攻入機房怎麼辦？根因是老鼠還是乖乖,機房,2022-11-02,465
非資訊、資安問題!?老鼠吃乖乖，快攻入機房怎麼辦？根因是老鼠還是乖乖,乖乖,2022-11-02,465
SMTP,郵件伺服器,2022-11-02,256
SMTP,公開,2022-11-02,256
SMTP,免費,2022-11-02,256
#sql 找出日期相減的最大值,access,2022-11-02,291
#sql 找出日期相減的最大值,資料庫,2022-11-02,291
#sql 找出日期相減的最大值,sql,2022-11-02,291
#sql 找出日期相減的最大值,mysql,2022-11-02,291
想問這樣plc書寫器要怎麼輸入    ,plc,2022-11-01,226
想問這樣plc書寫器要怎麼輸入    ,與各種三菱plc通訊控制系統方式,2022-11-01,226
JavaScript 遊戲 加分條件,game,2022-11-01,344
C# - Fortify Missing Check against Null 如何排除 ,c#,2022-11-01,377
C# - Fortify Missing Check against Null 如何排除 ,fortify,2022-11-01,377
如何透過防火牆阻擋外部郵件系統連線,mail server,2022-11-01,665
如何透過防火牆阻擋外部郵件系統連線,防火牆,2022-11-01,665
win 10 對於 Excel 2010 含有VBA 非常不友善? ,excel+vba的問題,2022-11-01,353
VBA編寫問題：自動換行,自動換行,2022-11-01,264
VBA編寫問題：自動換行,for迴圈,2022-11-01,264
VBA編寫問題：自動換行,excel vba,2022-11-01,264
OUTLOOK如何將製做好的表單 套用至新增信件、全部回覆、轉寄的預設表單,outlook,2022-11-01,257
OUTLOOK如何將製做好的表單 套用至新增信件、全部回覆、轉寄的預設表單,#新手求指導,2022-11-01,257
請問Laravel的框架下用collect()包陣列去用Collection的涵式會很奇怪嗎？,laravel,2022-11-01,262
請問Laravel的框架下用collect()包陣列去用Collection的涵式會很奇怪嗎？,php,2022-11-01,262
如何用 Robot framework 寫 Get adb log 之後要 Enter Ctrl+c 自動執行的功能在 Terminal 和 Windows CMD?? ,robot framework,2022-10-31,307
使用電源供應器來供應設備電力的接線問題,電源供應器,2022-10-31,402
使用電源供應器來供應設備電力的接線問題,外部供電,2022-10-31,402
使用電源供應器來供應設備電力的接線問題,接線,2022-10-31,402
使用3.3V來控制 5V繼電器會怎麼樣?,電壓,2022-10-31,375
使用3.3V來控制 5V繼電器會怎麼樣?,繼電器控制,2022-10-31,375
使用3.3V來控制 5V繼電器會怎麼樣?,arduino,2022-10-31,375
